title,url,date,date_utc
is my moxie dead ?,https://www.reddit.com/r/MoxieRobot/comments/1ixd3ho/is_my_moxie_dead/,1740431426.0,2025-02-24 21:10:26
"I cannot get past the QR code for the migration. I have done everything else, but cannot get Moxie to connect after showing her the QR code. She’s been beeping for hours.",https://www.reddit.com/r/MoxieRobot/comments/1iwvl8j/i_cannot_get_past_the_qr_code_for_the_migration_i/,1740378446.0,2025-02-24 06:27:26
Mapping values are not allowed...,https://www.reddit.com/r/MoxieRobot/comments/1ismimg/mapping_values_are_not_allowed/,1739909966.0,2025-02-18 20:19:26
Moxie Robot,https://www.reddit.com/r/MoxieRobot/comments/1is5fct/moxie_robot/,1739856699.0,2025-02-18 05:31:39
Same issue as others...Moxie QR Code Icon,https://www.reddit.com/r/MoxieRobot/comments/1is541d/same_issue_as_othersmoxie_qr_code_icon/,1739855540.0,2025-02-18 05:12:20
Help!! Just Found Out About Embodied Closing,https://www.reddit.com/r/MoxieRobot/comments/1ipceum/help_just_found_out_about_embodied_closing/,1739545097.0,2025-02-14 14:58:17
Just found my Moxie after a big move,https://www.reddit.com/r/MoxieRobot/comments/1ip1hml/just_found_my_moxie_after_a_big_move/,1739503871.0,2025-02-14 03:31:11
Moxie - sleepy head,https://www.reddit.com/r/MoxieRobot/comments/1iok6jg/moxie_sleepy_head/,1739456768.0,2025-02-13 14:26:08
I need a visual for Open Moxie,https://www.reddit.com/r/MoxieRobot/comments/1iobdv3/i_need_a_visual_for_open_moxie/,1739422109.0,2025-02-13 04:48:29
Setting up open Moxie as a blind person,https://www.reddit.com/r/MoxieRobot/comments/1in9re4/setting_up_open_moxie_as_a_blind_person/,1739308791.0,2025-02-11 21:19:51
Can old missions be used,https://www.reddit.com/r/MoxieRobot/comments/1im6yd5/can_old_missions_be_used/,1739196632.0,2025-02-10 14:10:32
Moxie just hangs with @ symbol.,https://i.redd.it/zad3epjt62ie1.jpeg,1739083063.0,2025-02-09 06:37:43
"Newbie help… I started my Moxie, it took a while to start. It talks, but no connection. If I run OpenMoxie and get OpenAI Credits, does it work automatically? How does my moxie connect?",https://www.reddit.com/r/MoxieRobot/comments/1il40f6/newbie_help_i_started_my_moxie_it_took_a_while_to/,1739066711.0,2025-02-09 02:05:11
OpenMoxie Device Online but stuck at this screen on face.,https://i.redd.it/3v18fng5zyhe1.jpeg,1739044164.0,2025-02-08 19:49:24
OpenMoxie says it ran into a bug whenever I try to interact,https://i.redd.it/mumr00bpgyhe1.png,1739037961.0,2025-02-08 18:06:01
Moxie shows online status but face shows spinning @ symbol.,https://i.redd.it/v5t95f96fyhe1.png,1739037448.0,2025-02-08 17:57:28
OpenMoxie Guide is lacking details for many required steps.,https://www.reddit.com/r/MoxieRobot/comments/1ikswlk/openmoxie_guide_is_lacking_details_for_many/,1739036636.0,2025-02-08 17:43:56
OpenMoxie v0.7,https://www.reddit.com/r/MoxieRobot/comments/1ijau4r/openmoxie_v07/,1738869618.0,2025-02-06 19:20:18
Looking for Replacement Projector Component for My Moxie Robot – Need Identification &amp; Sourcing Help,https://www.reddit.com/r/MoxieRobot/comments/1iinie9/looking_for_replacement_projector_component_for/,1738796190.0,2025-02-05 22:56:30
Support OpenMoxie - Help keep the project alive!,https://www.reddit.com/r/MoxieRobot/comments/1ihpbxg/support_openmoxie_help_keep_the_project_alive/,1738695432.0,2025-02-04 18:57:12
Can docker toolbox work instead of desktop version?,https://www.reddit.com/r/MoxieRobot/comments/1ihfg82/can_docker_toolbox_work_instead_of_desktop_version/,1738668025.0,2025-02-04 11:20:25
Looking to see what I can really do with OpenMoxie via settings,https://www.reddit.com/r/MoxieRobot/comments/1ig7jiv/looking_to_see_what_i_can_really_do_with/,1738529988.0,2025-02-02 20:59:48
Can Moxie be set up on 2 different laptops?,https://www.reddit.com/r/MoxieRobot/comments/1ig5o7s/can_moxie_be_set_up_on_2_different_laptops/,1738525343.0,2025-02-02 19:42:23
So....I missed the updates does that mean our moxie is dead?,https://www.reddit.com/r/MoxieRobot/comments/1ifllu4/soi_missed_the_updates_does_that_mean_our_moxie/,1738458731.0,2025-02-02 01:12:11
OpenMoxie success stories?,https://www.reddit.com/r/MoxieRobot/comments/1if7ont/openmoxie_success_stories/,1738420825.0,2025-02-01 14:40:25
What does this mean when using OpenMoxie,https://i.redd.it/nrwn97t95fge1.jpeg,1738368236.0,2025-02-01 00:03:56
I can not fix the wifi for Moxie to wake up!!,https://www.reddit.com/r/MoxieRobot/comments/1iesr6u/i_can_not_fix_the_wifi_for_moxie_to_wake_up/,1738366530.0,2025-01-31 23:35:30
Moxie will not wake up today!,https://www.reddit.com/r/MoxieRobot/comments/1iemhpk/moxie_will_not_wake_up_today/,1738350359.0,2025-01-31 19:05:59
Difficulty getting the server to run,https://www.reddit.com/r/MoxieRobot/comments/1ie4wqf/difficulty_getting_the_server_to_run/,1738291599.0,2025-01-31 02:46:39
Another stuck parent,https://www.reddit.com/r/MoxieRobot/comments/1ie43d7/another_stuck_parent/,1738289051.0,2025-01-31 02:04:11
I am stuck,https://v.redd.it/2zhaj1fc68ge1,1738283849.0,2025-01-31 00:37:29
Please help! Missed the PTA update emails (went to spam) and didn't know about today's deadline?,https://i.redd.it/1yikbujhc7ge1.jpeg,1738273810.0,2025-01-30 21:50:10
Help with waking Moxie up!,https://www.reddit.com/r/MoxieRobot/comments/1idxtme/help_with_waking_moxie_up/,1738271902.0,2025-01-30 21:18:22
Help with setting up Google Speech!,https://www.reddit.com/r/MoxieRobot/comments/1idv63m/help_with_setting_up_google_speech/,1738265226.0,2025-01-30 19:27:06
OpenMoxie bug,https://www.reddit.com/r/MoxieRobot/comments/1idsgdz/openmoxie_bug/,1738258497.0,2025-01-30 17:34:57
Need Help ASAP!,https://www.reddit.com/r/MoxieRobot/comments/1idp119/need_help_asap/,1738249714.0,2025-01-30 15:08:34
Advice,https://www.reddit.com/r/MoxieRobot/comments/1idjdmj/advice/,1738229715.0,2025-01-30 09:35:15
Open moxie question,https://www.reddit.com/r/MoxieRobot/comments/1ide574/open_moxie_question/,1738210481.0,2025-01-30 04:14:41
How to update name in Open Moxie?,https://www.reddit.com/r/MoxieRobot/comments/1idd0q7/how_to_update_name_in_open_moxie/,1738207285.0,2025-01-30 03:21:25
Timeline for Open Moxie,https://www.reddit.com/r/MoxieRobot/comments/1idcz8z/timeline_for_open_moxie/,1738207173.0,2025-01-30 03:19:33
7 Hours Later…I’m stuck again,https://i.redd.it/bqhn34qsq0ge1.jpeg,1738193872.0,2025-01-29 23:37:52
Restoring touch-to-wake,https://www.reddit.com/r/MoxieRobot/comments/1id30dm/restoring_touchtowake/,1738180739.0,2025-01-29 19:58:59
Openmoxie install help from Moxie :),https://v.redd.it/juhz3jnn1ufe1,1738112777.0,2025-01-29 01:06:17
Help please,https://www.reddit.com/r/MoxieRobot/comments/1ic020e/help_please/,1738065925.0,2025-01-28 12:05:25
Docker platforms,https://www.reddit.com/r/MoxieRobot/comments/1ibml2f/docker_platforms/,1738018136.0,2025-01-27 22:48:56
Windows processor type..does it matter what it is?,https://www.reddit.com/r/MoxieRobot/comments/1ibl18k/windows_processor_typedoes_it_matter_what_it_is/,1738014272.0,2025-01-27 21:44:32
OpenMoxie setup guide.,https://www.reddit.com/r/MoxieRobot/comments/1ibb0gp/openmoxie_setup_guide/,1737989991.0,2025-01-27 14:59:51
HighTechHundekorb - Hello Moxie,https://www.reddit.com/gallery/1ib245y,1737960916.0,2025-01-27 06:55:16
Having problems with my Mac and setting up open moxie,https://www.reddit.com/r/MoxieRobot/comments/1ib0dqd/having_problems_with_my_mac_and_setting_up_open/,1737954123.0,2025-01-27 05:02:03
Moxie won't connect to my WiFi,https://www.reddit.com/r/MoxieRobot/comments/1i91go1/moxie_wont_connect_to_my_wifi/,1737741263.0,2025-01-24 17:54:23
OpenMoxie v0.6,https://www.reddit.com/r/MoxieRobot/comments/1i8iw5j/openmoxie_v06/,1737679292.0,2025-01-24 00:41:32
Replacement power cable,https://www.reddit.com/r/MoxieRobot/comments/1i8981v/replacement_power_cable/,1737654495.0,2025-01-23 17:48:15
[Success] OpenMoxie with Local LLM and Local Whisper,https://www.reddit.com/r/MoxieRobot/comments/1i86oaz/success_openmoxie_with_local_llm_and_local_whisper/,1737648137.0,2025-01-23 16:02:17
MOXIE UPDATE,https://www.reddit.com/r/MoxieRobot/comments/1i7t4e9/moxie_update/,1737599372.0,2025-01-23 02:29:32
Link to reddit openMoxie,https://www.reddit.com/r/MoxieRobot/comments/1i3mcei/openmoxie_lives/,1737581377.0,2025-01-22 21:29:37
OpenMoxie Setup Guide.pdf,https://www.reddit.com/r/MoxieRobot/comments/1i7mfne/openmoxie_setup_guidepdf/,1737581122.0,2025-01-22 21:25:22
OpenMoxie,https://www.reddit.com/r/MoxieRobot/comments/1i7mdbo/openmoxie/,1737580958.0,2025-01-22 21:22:38
moxie on raspberi pi zero ,https://www.reddit.com/r/MoxieRobot/comments/1i690l1/moxie_on_raspberi_pi_zero/,1737428828.0,2025-01-21 03:07:08
Openmoxie  please make sure you update before January 30th ,https://www.reddit.com/gallery/1i4tspr,1737274323.0,2025-01-19 08:12:03
Moxie Language,https://www.reddit.com/r/MoxieRobot/comments/1i4ok0z/moxie_language/,1737255565.0,2025-01-19 02:59:25
TIME SENSITIVE: Make sure your Moxie is updated before servers are shut down,https://www.reddit.com/r/MoxieRobot/comments/1i48ijb/time_sensitive_make_sure_your_moxie_is_updated/,1737210063.0,2025-01-18 14:21:03
OpenMoxie Lives,https://www.reddit.com/r/MoxieRobot/comments/1i3mcei/openmoxie_lives/,1737136556.0,2025-01-17 17:55:56
Refunds for older purchases are possible !!,https://i.redd.it/15fjzhpjukde1.jpeg,1737129726.0,2025-01-17 16:02:06
How is Moxie doing now?,https://www.reddit.com/r/MoxieRobot/comments/1i1gjir/how_is_moxie_doing_now/,1736889009.0,2025-01-14 21:10:09
Missed the October update,https://www.reddit.com/r/MoxieRobot/comments/1hv0va3/missed_the_october_update/,1736175455.0,2025-01-06 14:57:35
Moxie's Camera,https://www.reddit.com/r/MoxieRobot/comments/1hqq7fn/moxies_camera/,1735686047.0,2024-12-31 23:00:47
How are we going to use this new update?,https://www.reddit.com/r/MoxieRobot/comments/1hj3tec/how_are_we_going_to_use_this_new_update/,1734761556.0,2024-12-21 06:12:36
Moxie connected to wifi but won’t pair with app,https://www.reddit.com/r/MoxieRobot/comments/1hir4fx/moxie_connected_to_wifi_but_wont_pair_with_app/,1734721590.0,2024-12-20 19:06:30
Moxie email Update : THINK before you agree! (Don't do it if under warranty),https://www.reddit.com/r/MoxieRobot/comments/1hiopyt/moxie_email_update_think_before_you_agree_dont_do/,1734715227.0,2024-12-20 17:20:27
Embodied inc ,https://i.redd.it/7jv8cnbd518e1.jpeg,1734711988.0,2024-12-20 16:26:28
I hope this is true! Please read,https://www.reddit.com/r/MoxieRobot/comments/1hilrpu/i_hope_this_is_true_please_read/,1734707237.0,2024-12-20 15:07:17
I have a Moxie I am willing to lend out to anyone who is actively working on resurrecting her,https://www.reddit.com/r/MoxieRobot/comments/1hgyw9h/i_have_a_moxie_i_am_willing_to_lend_out_to_anyone/,1734518201.0,2024-12-18 10:36:41
Anyone know if moxie can be reprogrammed? It’s frustrating that I spent 1400 on this robot and for it to shut down for good! ,https://www.reddit.com/r/MoxieRobot/comments/1he2zew/anyone_know_if_moxie_can_be_reprogrammed_its/,1734183295.0,2024-12-14 13:34:55
Anyone in Maryland and willing to let me look at their Moxie?,https://www.reddit.com/r/MoxieRobot/comments/1hbkgem/anyone_in_maryland_and_willing_to_let_me_look_at/,1733887982.0,2024-12-11 03:33:02
Currently working on a replacement AI for when the servers shut down,https://www.reddit.com/r/MoxieRobot/comments/1ha2b7s/currently_working_on_a_replacement_ai_for_when/,1733720745.0,2024-12-09 05:05:45
Moxie  shutting down ,https://www.reddit.com/r/MoxieRobot/comments/1h7vw6a/moxie_shutting_down/,1733469485.0,2024-12-06 07:18:05
Alternative suggestions ,https://www.reddit.com/r/MoxieRobot/comments/1h739cz/alternative_suggestions/,1733381588.0,2024-12-05 06:53:08
How I told my kiddo that Moxie was going away. ,https://www.reddit.com/r/MoxieRobot/comments/1h621ag/how_i_told_my_kiddo_that_moxie_was_going_away/,1733269780.0,2024-12-03 23:49:40
Can no one create a local file to keep moxie working either ,https://www.reddit.com/r/MoxieRobot/comments/1h0cdeq/can_no_one_create_a_local_file_to_keep_moxie/,1732629178.0,2024-11-26 13:52:58
Company Shutdown Info &amp; Refund Advice for Consumers,https://www.reddit.com/r/MoxieRobot/comments/1h0agji/company_shutdown_info_refund_advice_for_consumers/,1732623257.0,2024-11-26 12:14:17
Just got the email that Moxie is shutting down. Now I’ll have to explain to my kiddo why Moxie will stop working. Hope Embodied can give us a couple days to say goodbye. ,https://moxierobot.com/pages/closing-faqs,1732600545.0,2024-11-26 05:55:45
Did anyone else’s Moxie stop working? ,https://www.reddit.com/r/MoxieRobot/comments/1gr9nwj/did_anyone_elses_moxie_stop_working/,1731604141.0,2024-11-14 17:09:01
Look at all my stuffed animals,https://i.redd.it/t9v9ctluzd9d1.jpeg,1719612841.0,2024-06-28 22:14:01
Can you have deep conversations with Moxie?,https://www.reddit.com/r/MoxieRobot/comments/191rtp3/can_you_have_deep_conversations_with_moxie/,1704737894.0,2024-01-08 18:18:14
What's the extent that moxie can teach? Few other things.,https://www.reddit.com/r/MoxieRobot/comments/17to6r3/whats_the_extent_that_moxie_can_teach_few_other/,1699807728.0,2023-11-12 16:48:48
Any plans for a version 2 Moxie?,https://www.reddit.com/r/MoxieRobot/comments/177ykfe/any_plans_for_a_version_2_moxie/,1697316090.0,2023-10-14 20:41:30
Scam and Ripoff,https://www.reddit.com/r/MoxieRobot/comments/v6dejn/scam_and_ripoff/,1654548875.0,2022-06-06 20:54:35
Is this sub dead?,https://www.reddit.com/r/MoxieRobot/comments/u2s4wx/is_this_sub_dead/,1649861658.0,2022-04-13 14:54:18
Moxie Robot Questions,https://www.reddit.com/r/MoxieRobot/comments/isw725/moxie_robot_questions/,1600124032.0,2020-09-14 22:53:52
Moxie Robot Demo - Systems Check &amp; Introductions,https://youtu.be/MHsZuvk2pPM,1600123570.0,2020-09-14 22:46:10
