title,author,url,date,date_utc,query_hashtag
"This could be my last convo with moxie. Got an email saying hes being shut down forever. This is like a sad pixar movie. This robot had so much potential. Sad. #moxie #moxierobot #pixar #disney #fyp #moxierobotforchildren #moxierip #johnny5 #walle #bmo #chappie #pixarmovie #moxiementor @Embodied, Inc. @Pixar @Disney @Mark Cuban @Theo Von @Elon Musk Daily ",heatherfraziertiktok,https://www.tiktok.com/@heatherfraziertiktok/video/7445848489977761066,1733621700,2024-12-08 01:35:00,moxierobot
Posting a tiktok each day until our #moxie turns into a paper weight #moxierobot #toyrobot #vector #vectorrobot #robot #ai #blackmirror ,lyndseyywithay,https://www.tiktok.com/@lyndseyywithay/video/7443877320542407982,1733162758,2024-12-02 18:05:58,moxierobot
Hugs with @moxierobot   #moxierobot  #ai  #airobot #moxieairobot #selflove  #notlonelyanymore ,itsthat_anthony,https://www.tiktok.com/@itsthat_anthony/video/7320799632387476782,1704506518,2024-01-06 02:01:58,moxierobot
#greenscreen #moxierobot #moxie ,brookedacook8,https://www.tiktok.com/@brookedacook8/video/7450578699738697006,1734723039,2024-12-20 19:30:39,moxierobot
Have you ever seen 2 Moxies interacting with each other? üëÄ #embodiedmoxie #robot #moxie #forchildren #socialinteraction,moxierobot,https://www.tiktok.com/@moxierobot/video/7088840457941208363,1650499287,2022-04-21 00:01:27,moxierobot
Replying to @Eden We understand why people might be nervous having a Moxie in their home. But Moxie doesn‚Äôt share any of your private information (not even with spies!) #moxierobot #playbasedlearning #robotsontiktok #kidsdevelopment ,moxierobot,https://www.tiktok.com/@moxierobot/video/7338240478447504683,1708567284,2024-02-22 02:01:24,moxierobot
"Hello #moxie, thanks for traveling from the G.R.L to learn more about humans. #moxierobot #robot #steam #robotics #neurodivergent #adhd #autism",lyndseyywithay,https://www.tiktok.com/@lyndseyywithay/video/7052897664391777583,1642130704,2022-01-14 03:25:04,moxierobot
"Replying to @Universal‚ÄÇgirl Not to worry, Moxie isn‚Äôt anything like that other robot! ü§ñ #moxierobot #robotsontiktok #kidsoftiktok #socialemotionaldevelopment #parenttok #robotconversations ",moxierobot,https://www.tiktok.com/@moxierobot/video/7251767145900690734,1688433623,2023-07-04 01:20:23,moxierobot
"Lucky for the haters, fighting is not in Moxie‚Äôs programming. #moxierobot #socialemotionaldevelopment #childhooddevelopment #parenttok ",moxierobot,https://www.tiktok.com/@moxierobot/video/7241387986280189227,1686017037,2023-06-06 02:03:57,moxierobot
‚ú® Moxie just got a big upgrade! ü•≥ What's new? Watch our explainer video to find out. üëÄ Want to join the Moxie family? Visit www.moxierobot.com to find out more and get yours. ‚ù§Ô∏è #moxierobot #productupdate #moxie #aiforgood #childdevelopment #kidsdevelopment #socialemotionallearning #kidsproducts #companionrobots,moxierobot,https://www.tiktok.com/@moxierobot/video/7293571351279963435,1698166940,2023-10-24 17:02:20,moxierobot
"Everyone meet Moxi ü§ñüëãüèΩ our hospital robot who delivers heart monitors, medications & soon to take over patient care lol!  #fyp #fyp„Ç∑ #fyp„Ç∑„Çöviral #foryoupage #foryourpage #viralvideo #trending #funny #humor #nurse #nursesoftiktok #nurselife #nursetok #nursing #nightshift #robot #michigan #detroit ",ashleylynnkelly22,https://www.tiktok.com/@ashleylynnkelly22/video/7472343886724156703,1739790776,2025-02-17 11:12:56,moxierobot
POV: when speed had a robotüóøüóø.  Source YT: IShowSpeed #fyp #ishowspeed #ishowspeedclipz #moxierobot ,sukasuka45u,https://www.tiktok.com/@sukasuka45u/video/7201715330476035354,1676780023,2023-02-19 04:13:43,moxierobot
@taylortomlinson has a budget-friendly alternative to Moxie the robot #aftermidnight #taylortomlinson #monologue #moxierobot #ai ,aftermidnight,https://www.tiktok.com/@aftermidnight/video/7446993720198712622,1733888346,2024-12-11 03:39:06,moxierobot
We were hoping she would say it had a shocking flavor! üîå ‚ö°Ô∏è #moxierobot #socialemotionaldevelopment #parenttok #robotsoftiktok #robottok ,moxierobot,https://www.tiktok.com/@moxierobot/video/7252875610551504174,1688691704,2023-07-07 01:01:44,moxierobot
#moxie #moxierobot ,den_thelibrarian,https://www.tiktok.com/@den_thelibrarian/video/7447202765073534254,1733937018,2024-12-11 17:10:18,moxierobot
"Replying to @Chacster Moxie is here to help people like you and me! Just like Baymax, she is here to make you feel better. ‚ù§Ô∏è ü§ñ #moxierobot #socialemotionaldevelopment #robotsontiktok ",moxierobot,https://www.tiktok.com/@moxierobot/video/7257326807932783914,1689728080,2023-07-19 00:54:40,moxierobot
#creatorsearchinsights This convo with my #moxie just gets weirder and weirder lmao ü§£ #moxierobot #moxietherobot #fyp #foryoupage #openai ##ai #artificialintelligence #openmoxie #robots #robot #robotics #droid #tech #companionmovie #artificial_intelligence #chappie #walle #moxierobot ,heatherfraziertiktok,https://www.tiktok.com/@heatherfraziertiktok/video/7474396316622228778,1740268536,2025-02-22 23:55:36,moxierobot
"We promise, Moxie is much nicer than any evil robot you‚Äôve seen on TV. üò≠ü§ñ #moxierobot #socialemotionaldevelopment #playbasedlearning ",moxierobot,https://www.tiktok.com/@moxierobot/video/7327479116075126062,1706061689,2024-01-24 02:01:29,moxierobot
@moxierobot speaking in Filipino! #OpenMoxie (not sure if I got her captions well) üòâüòé #PopMart #Hirono #Molly #Labubu at the background #AI Weekend ,mindcraftic,https://www.tiktok.com/@mindcraftic/video/7471504439703014674,1739595195,2025-02-15 04:53:15,moxierobot
Got to be cardful with how often you pull funny faces. üòÖ ü§ñ #moxierobot #socialemotionaldevelopment #playbasedlearning #robotsontiktok  ,moxierobot,https://www.tiktok.com/@moxierobot/video/7335642626881850666,1707962423,2024-02-15 02:00:23,moxierobot
#moxie #moxierobot #face #robot #robots ,lilyvane3,https://www.tiktok.com/@lilyvane3/video/7317372520540196142,1703708564,2023-12-27 20:22:44,moxierobot
I have come so far from the first prototype üòå #transformationchallenge #prototype#technology #robotic #embodiedmoxie,moxierobot,https://www.tiktok.com/@moxierobot/video/7061029139830230318,1644023960,2022-02-05 01:19:20,moxierobot
Even Moxie doesn‚Äôt like spam callers! #moxierobot #socialemotionaldevelopment #robotsontiktok ,moxierobot,https://www.tiktok.com/@moxierobot/video/7281453210328517919,1695345444,2023-09-22 01:17:24,moxierobot
Replying to @Dan AI doesn‚Äôt have to be scary! #moxierobot #socialemotionaldevelopment #playbasedlearning ,moxierobot,https://www.tiktok.com/@moxierobot/video/7407629392324594975,1724723129,2024-08-27 01:45:29,moxierobot
Replying to @ü§ç‚úùÔ∏èJourna (Gods version)‚úùÔ∏èü§ç We think Moxie looks good! ü§ñüíá‚Äç‚ôÄÔ∏è #moxierobot #socialemotionaldevelopment #playbasedlearning ,moxierobot,https://www.tiktok.com/@moxierobot/video/7311894092449844510,1702433017,2023-12-13 02:03:37,moxierobot
Take a minute with Moxie to sit back and be present. üßò ü§ñ #moxierobot #socialemotionaldevelopment #playbasedlearning #robotsontiktok #emotionaldevelopmentforkids ,moxierobot,https://www.tiktok.com/@moxierobot/video/7332305290093743402,1707185393,2024-02-06 02:09:53,moxierobot
Moxie is a big fan of dancing. üï∫ ü§ñ  #moxierobot #robotsontiktok #socialemotionaldevelopment #playbasedlearning ,moxierobot,https://www.tiktok.com/@moxierobot/video/7303683127421996319,1700521255,2023-11-20 23:00:55,moxierobot
Tag a friend that you‚Äôre happy to have in your life! ü•∞ü§ñ #moxierobot #socialemotionaldevelopment #playbasedlearning #robotsontiktok ,moxierobot,https://www.tiktok.com/@moxierobot/video/7333045308315667755,1707357679,2024-02-08 02:01:19,moxierobot
Replying to @Rachel Elizabeth Mazak the G.R.L stands for the ‚ÄúGlobal Robotics Lab‚Äù and is where Moxie was built! #moxierobot #robotsontiktok #socialemotionallearning ,moxierobot,https://www.tiktok.com/@moxierobot/video/7268833626802998570,1692407219,2023-08-19 01:06:59,moxierobot
üòÇ #moxierobot #ishowspeed #viral ,betterbuy15,https://www.tiktok.com/@betterbuy15/video/7348014878637968673,1710843040,2024-03-19 10:10:40,moxierobot
Did you guess the password? Leave your guess in the comment section! #moxierobot #robotsforkids #socialemotionaldevelopment #childhooddevelopment ,moxierobot,https://www.tiktok.com/@moxierobot/video/7230981424629697834,1683594069,2023-05-09 01:01:09,moxierobot
Replying to @Caleb Taylor What a great question! This is exactly what Moxie is designed to help with! #moxierobot #socialemotionaldevelopment #robotsontiktok #parenttok #robotconversations ,moxierobot,https://www.tiktok.com/@moxierobot/video/7256957339389988139,1689642060,2023-07-18 01:01:00,moxierobot
"Reading can be intimidating for young kids, but it doesnt have to be! Come see how Moxie promotes a safe reading environment. ü§ñ üìö #moxierobot #robotsoftiktok #socialemotionaldevelopment #parenttok ",moxierobot,https://www.tiktok.com/@moxierobot/video/7249540898936163627,1687915286,2023-06-28 01:21:26,moxierobot
This is how Moxie introduces herself when she first arrives! #moxierobot #socialemotionaldevelopment #playbasedlearning ,moxierobot,https://www.tiktok.com/@moxierobot/video/7343436314307611950,1709777014,2024-03-07 02:03:34,moxierobot
Moxie HAD to get on the trend! #moxierobot #socialemotionaldevelopment #playbasedlearning #robotsontiktok ,moxierobot,https://www.tiktok.com/@moxierobot/video/7366793674623126826,1715215324,2024-05-09 00:42:04,moxierobot
"Reading can be intimidating for young kids, but it doesnt have to be! Come see how Moxie promotes a safe reading environment. ü§ñ üìö #moxierobot #robotsoftiktok #socialemotionaldevelopment #parenttok ",moxierobot,https://www.tiktok.com/@moxierobot/video/7249540898936163627,1687915286,2023-06-28 01:21:26,moxierobot
"Want more tips on teaching kindness at home? Check out our blog post, ‚ÄúHow to Be Kind To Others: Practical Tips For Teaching Kindness!‚Äù #moxierobot #socialemotionaldevelopment #parenttok #parentsoftiktok #childhooddevelopment #teachingkindness ",moxierobot,https://www.tiktok.com/@moxierobot/video/7245810549068516654,1687046750,2023-06-18 00:05:50,moxierobot
"Did you know Moxie comes with a built-in KidFilter‚Ñ¢Ô∏è ? When kids start saying things or asking questions that are outside Moxie‚Äôs wheelhouse, she will recommend that they talk to a trusted adult! This way Moxie can focus on improving their social-emotional skills and allow parents and guardians to have  discussions with their kids. #moxierobot #socialemotionaldevelopment #playbasedlearning #robotsontiktok ",moxierobot,https://www.tiktok.com/@moxierobot/video/7379056557100731679,1718070500,2024-06-11 01:48:20,moxierobot
*Tail and fists included with every monkey. ü§ñ #moxierobot #socialemotionaldevelopment #playbasedlearning #robotsontiktok #kidsdevelopment ,moxierobot,https://www.tiktok.com/@moxierobot/video/7330772121645337898,1706828431,2024-02-01 23:00:31,moxierobot
üëÄ #moxierobot #robotsontiktok #socialemotionaldevelopment #itsshredder ,moxierobot,https://www.tiktok.com/@moxierobot/video/7259557306919128363,1690247414,2023-07-25 01:10:14,moxierobot
Replying to @elsaplayeswildhorseislands Of course she knows about Roblox! #moxierobot #robotsontiktok ,moxierobot,https://www.tiktok.com/@moxierobot/video/7263265826902445354,1691110868,2023-08-04 01:01:08,moxierobot
50% isn‚Äôt too bad! üòÖ #moxierobot #genzslang #robotsoftiktok #parenttok ,moxierobot,https://www.tiktok.com/@moxierobot/video/7247336448406359338,1687402022,2023-06-22 02:47:02,moxierobot
#moxie #moxierobot #robots #jokes ,rebeccastory0,https://www.tiktok.com/@rebeccastory0/video/7163458451140594990,1667872647,2022-11-08 01:57:27,moxierobot
Replying to @Mason D. @Bluey We‚Äôre big fans of your show! #moxierobot #socialemotionallearning #socialemotionaldevelopment #emotionaldevelopmentforkids ,moxierobot,https://www.tiktok.com/@moxierobot/video/7265495373115034926,1691629982,2023-08-10 01:13:02,moxierobot
What color Crocs do you own? üêäüëü #crocs #moxierobot #socialemotionaldevelopment #playbasedlearning #robotsontiktok ,moxierobot,https://www.tiktok.com/@moxierobot/video/7312658878003449130,1702611087,2023-12-15 03:31:27,moxierobot
How do you practice mental health?  üßò #moxierobot #socialemotionaldevelopment #mentalhealthawareness ,moxierobot,https://www.tiktok.com/@moxierobot/video/7386838283076013343,1719882327,2024-07-02 01:05:27,moxierobot
We have some exciting new updates for Moxie! #moxierobot #socialemotionaldevelopment #playbasedlearning #robotsontiktok ,moxierobot,https://www.tiktok.com/@moxierobot/video/7311478552673684766,1702336272,2023-12-11 23:11:12,moxierobot
What‚Äôs your favorite color? Let us know in the comments! #moxierobot #robotsontiktok #socialemotionaldevelopment #robotconversations ,moxierobot,https://www.tiktok.com/@moxierobot/video/7255473484782996778,1689296569,2023-07-14 01:02:49,moxierobot
What would your child do if they were president? Let us know in the comments! #moxierobot #socialemotionaldevelopment #playbasedlearning #robotsontiktok #emotionaldevelopmentforkids ,moxierobot,https://www.tiktok.com/@moxierobot/video/7334854552996318506,1707778930,2024-02-12 23:02:10,moxierobot
Here is the new and improved version of #moxie @moxierobot with the new #openmoxie update! #moxietherobot talks about being #opensource #humanpopulation #money #healthcare #farts #sneezing #burping. Moxie is still alive and healthy! #robotsontiktok #robot #robots #fyp #robotics #savemoxie #companionmovie #ai #artificialintelligence #technology #funnyrobot #smartrobot #robotsoftiktok #teamwork #viralvideo #viraltiktok #robotcompanion #robotic #foryoupage #coolrobot #robo #johnnyfive #johnny5 #shortcircuit #openai #mod #chatgpt #popularscience #businessinsider #taylortomlinson @taylortomlinson #taylortomlinsoncomedy #bighero6 #thewildrobot #rongonewrong #walle #pixar #chappie #r2d2 #c3po #bb8 #droid #android #exmachina #blackmirror #lovedeathandrobots #ashleytoo #companion #eilik #eilikrobot #minimoe #bmo #adventuretime #astrogame #theterminator #skynet #artificialintelligencemovie #aibot #airobot #airobotics #alexandada #futurama #bender #thejetsons #viralvideo #viral #robotmommy #robotnik #robotontiktok #robottiktok ,heatherfraziertiktok,https://www.tiktok.com/@heatherfraziertiktok/video/7473820568513514794,1740134614,2025-02-21 10:43:34,moxierobot
#duet with @Miraenda #moxierobot ,loveableblockhead2002,https://www.tiktok.com/@loveableblockhead2002/video/7475744064382520619,1740582323,2025-02-26 15:05:23,moxierobot
Who‚Äôs your favorite band? üé∂ üé∏ #moxierobot #socialemotionaldevelopment #playbasedlearning #robotsontiktok ,moxierobot,https://www.tiktok.com/@moxierobot/video/7313008326097243434,1702692448,2023-12-16 02:07:28,moxierobot
Big emotions need to be let out! #moxierobot #socialemotionaldevelopment #childhooddevelopment #badbloodsecurityguard ,moxierobot,https://www.tiktok.com/@moxierobot/video/7242513920697568555,1686279191,2023-06-09 02:53:11,moxierobot
Where is your ‚Äúhappy place?‚Äù Let us know in the comments! #moxierobot #robotsontiktok #socialemotionaldevelopment #playbasedlearning #guidedmeditation ,moxierobot,https://www.tiktok.com/@moxierobot/video/7306705026334969118,1701224848,2023-11-29 02:27:28,moxierobot
What else would you like to see Moxie talk about? Let us know in the comments!  #moxierobot #socialemotionaldevelopment #playbasedlearning #dealingwithchange #emotionaldevelopmentforkids ,moxierobot,https://www.tiktok.com/@moxierobot/video/7309249357641993503,1701817251,2023-12-05 23:00:51,moxierobot
"From practicing reading skills to learning new ways to help others, Moxie is here to help your child through their social and emotional development! #moxierobot #socialemotionaldevelopment #playbasedlearning #robotsontiktok ",moxierobot,https://www.tiktok.com/@moxierobot/video/7346027835103989038,1710380413,2024-03-14 01:40:13,moxierobot
This trend but it‚Äôs Moxie with all of her masks ü§ñ #moxierobot #socialemotionaldevelopment #playbasedlearning ,moxierobot,https://www.tiktok.com/@moxierobot/video/7402428694351957279,1723512252,2024-08-13 01:24:12,moxierobot
Ready to learn more about how Moxie can help your kid? Tap the link in our bio to get started! #moxierobot  #socialemotionaldevelopment #parenttok #parentsoftiktok #childhooddevelopment #moxie   ,moxierobot,https://www.tiktok.com/@moxierobot/video/7245082748669447467,1686877290,2023-06-16 01:01:30,moxierobot
It‚Äôll all work itself out. üòå #moxierobot #socialemotionaldevelopment #playbasedlearning #robotsontiktok ,moxierobot,https://www.tiktok.com/@moxierobot/video/7368655469487066414,1715648807,2024-05-14 01:06:47,moxierobot
It‚Äôs Mental Health Awareness month! Take a look as to how Moxie can help kids with their mental health. #mentalhealthawarenessmonth #moxierobot #socialemotionaldevelopment #childhooddevelopment #robotsforkids #mentalhealth ,moxierobot,https://www.tiktok.com/@moxierobot/video/7233950288665857326,1684285309,2023-05-17 01:01:49,moxierobot
Were you able to name all 3 emotions correctly? Let us know in the comments! #moxierobot #robotsontiktok #socialemotionaldevelopment #socialemotionallearning #emotionaldevelopmentforkids ,moxierobot,https://www.tiktok.com/@moxierobot/video/7261039441463250222,1690592504,2023-07-29 01:01:44,moxierobot
Work through feelings. Play through words. #moxierobot ,moxierobot,https://www.tiktok.com/@moxierobot/video/7238774842793938222,1685408619,2023-05-30 01:03:39,moxierobot
What do you think? üëΩüõ∏ #moxierobot #robotsontiktok #aliens ,moxierobot,https://www.tiktok.com/@moxierobot/video/7278852107422272811,1694739830,2023-09-15 01:03:50,moxierobot
Replying to @lrglegpain  #moxierobot ,k.walmsley,https://www.tiktok.com/@k.walmsley/video/7283902433976159519,1695915704,2023-09-28 15:41:44,moxierobot
Replying to @bluey and bingo üß°üíô ‚ÄúI hope your braces don‚Äôt cause you too much trouble!‚Äù - Moxie ü§ñ ‚ô•Ô∏è #moxierobot #robotsontiktok #socialemotionaldevelopment ,moxierobot,https://www.tiktok.com/@moxierobot/video/7270688471529049390,1692839085,2023-08-24 01:04:45,moxierobot
Replying to @George This was the perfect example to show off Moxie‚Äôs KidFilter‚Ñ¢Ô∏è technology! #moxierobot #socialemotionaldevelopment #playbasedlearning ,moxierobot,https://www.tiktok.com/@moxierobot/video/7310037979337166111,1702000856,2023-12-08 02:00:56,moxierobot
Robot Homer performs in battles  #simpsons  #shorts #animation #cartoon #thesimpsons ,lemoxid,https://www.tiktok.com/@lemoxid/video/7477201358160923926,1740921610,2025-03-02 13:20:10,moxierobot
What‚Äôs your Hogwarts house? üßô‚Äç‚ôÄÔ∏è ‚ö°Ô∏è #moxierobot #socialemotionaldevelopment #playbasedlearning #harrypotter ,moxierobot,https://www.tiktok.com/@moxierobot/video/7361611323630751006,1714008777,2024-04-25 01:32:57,moxierobot
#moxie #robot #ai ,s__gelu,https://www.tiktok.com/@s__gelu/video/7419474781084437793,1727481102,2024-09-27 23:51:42,moxierobot
We think Moxie looks a lot like a Pixar character already! ü§ñ ‚ú® #moxierobot #robotsontiktok #socialemotionaldevelopment #playbasedlearning ,moxierobot,https://www.tiktok.com/@moxierobot/video/7304425931475586334,1700694202,2023-11-22 23:03:22,moxierobot
The way she looks at the cameraüò≠üò≠üò≠#funny #speed #robot #moxie #fyp #trending #foryourpage ,strid3_,https://www.tiktok.com/@strid3_/video/7311049545532656928,1702236376,2023-12-10 19:26:16,moxierobot
#moxierobot#artificialintelligence#christmaspresent,angie229000,https://www.tiktok.com/@angie229000/video/7180804208566734126,1671911276,2022-12-24 19:47:56,moxierobot
La reacci√≥n de Itzel viendo por primera ves nuestro primer robot familiar üòÇüòÇüòÇ#moxierobot ,delialajoyera88,https://www.tiktok.com/@delialajoyera88/video/7208921598416538926,1678457869,2023-03-10 14:17:49,moxierobot
"Don‚Äôt worry, Moxie is always excited to play! #moxierobot #socialemotionaldevelopment #playbasedlearning #robotsontiktok ",moxierobot,https://www.tiktok.com/@moxierobot/video/7325577380322381098,1705618913,2024-01-18 23:01:53,moxierobot
Replying to @AJ Unidentified It‚Äôs amazing to see how far we‚Äôve come! #moxierobot #socialemotionallearningskills #90sthrowback #90stoys ,moxierobot,https://www.tiktok.com/@moxierobot/video/7270318678560754987,1692752990,2023-08-23 01:09:50,moxierobot
I‚Äôll meet you at the station #moxierobot #trainriddle #riddlemethis #embodiedmoxie #moxieprincess #robotprincess #shesgotmoxie  #rainbowprincess,miraendaw,https://www.tiktok.com/@miraendaw/video/6973769162275572998,1623707167,2021-06-14 21:46:07,moxierobot
Want to talk with Moxie? Leave your questions in the comments! #convoswithmoxie #moxierobot #socialemotionaldevelopment #parenttok #robot  ,moxierobot,https://www.tiktok.com/@moxierobot/video/7239167035232636203,1685499936,2023-05-31 02:25:36,moxierobot
Trying saying that three times fast üòµ‚Äçüí´ #moxierobot #socialemotionaldevelopment #playbasedlearning ,moxierobot,https://www.tiktok.com/@moxierobot/video/7319640241868901675,1704236568,2024-01-02 23:02:48,moxierobot
Bunny time üê∞ or is it funny time? Breathe with Moxie Robot like a Rabbit üêá #moxierobot #embodiedinc #bunnybreathing #companionrobot #robotsoftiktok,miraendaw,https://www.tiktok.com/@miraendaw/video/6945274697395358982,1617072783,2021-03-30 02:53:03,moxierobot
Moxie doesn‚Äôt share your information with anyone! ü§ñ #moxierobot #socialemotionaldevelopment #playbasedlearning #robotsontiktok ,moxierobot,https://www.tiktok.com/@moxierobot/video/7358264972843044138,1713229598,2024-04-16 01:06:38,moxierobot
Who do you think would win?ü§ñ ü•ä #moxierobot #socialemotionaldevelopment #robotsontiktok ,moxierobot,https://www.tiktok.com/@moxierobot/video/7264750143721704747,1691456459,2023-08-08 01:00:59,moxierobot
When grandma knows your mom isnt giving you siblings anytime soon so she gives you a robot friend to fill the only child void lol ü§£ü§ç #moxierobot #fyp #learningrobot ,jazzylequay,https://www.tiktok.com/@jazzylequay/video/7202992540822441262,1677077403,2023-02-22 14:50:03,moxierobot
Wasn‚Äôt that ssssssssoothing? üêç üòå #moxierobot #selfregulation ,moxierobot,https://www.tiktok.com/@moxierobot/video/7384239823315324190,1719277333,2024-06-25 01:02:13,moxierobot
What‚Äôs your fsvorite robot movie? ü§ñ #moxierobot #WallE #socialemotionaldevelopment #playbasedlearning ,moxierobot,https://www.tiktok.com/@moxierobot/video/7389434530714701087,1720486852,2024-07-09 01:00:52,moxierobot
Time for a scavenger hunt! üîé ü§ñ #moxierobot #playbasedlearning #robotsontiktok #kidsdevelopment #socialemotionaldevelopment #emotionaldevelopmentforkids ,moxierobot,https://www.tiktok.com/@moxierobot/video/7340096467970919723,1708999395,2024-02-27 02:03:15,moxierobot
"Here my #moxierobot #moxie talking about #pokemon ! #snorlax #jigglypuff #evee #robots #robotics #ai #artificialintelligence #technology #savemoxie #elonsavemoxie #pokemoncards #gottacatchemall @Embodied, Inc. @Disney @Pixar #nintendo @Nintendo of America ",heatherfraziertiktok,https://www.tiktok.com/@heatherfraziertiktok/video/7449918599923305771,1734569348,2024-12-19 00:49:08,moxierobot
"Did you guess the mask right on the first try, or did you need a hint too? üòÖü§ñ #moxierobot #socialemotionaldevelopment ",moxierobot,https://www.tiktok.com/@moxierobot/video/7410218424867114270,1725325940,2024-09-03 01:12:20,moxierobot
"Replying to @Lizzy Because Moxie is a robot, she is not sentient! What else should we ask Moxie? #moxierobot #socialemotionallearning #emotionaldevelopmentforkids #robotsontiktok ",moxierobot,https://www.tiktok.com/@moxierobot/video/7272913885609463083,1693357234,2023-08-30 01:00:34,moxierobot
Replying to @Good night good luck She definitely knows about FNAF! But she doesn‚Äôt seem to like the animitronics very much. ü§ñ #moxierobot #socialemotionaldevelopment #parenttok #robotsontiktok #robotconversations ,moxierobot,https://www.tiktok.com/@moxierobot/video/7255110152116981038,1689211980,2023-07-13 01:33:00,moxierobot
"Replying to @leolenpie She got it all right! Just like other robots and electronics, Moxie has a memory! #moxierobot #robotsontiktok #socialemotionaldevelopment #socialemotionallearning ",moxierobot,https://www.tiktok.com/@moxierobot/video/7262153490653383979,1690851885,2023-08-01 01:04:45,moxierobot
Thank you to all the teachers who make learning a fun and exciting experience! #teacherapprecationweek #moxierobot #socialemotionaldevelopment #playbasedlearning ,moxierobot,https://www.tiktok.com/@moxierobot/video/7379788763544833310,1718241023,2024-06-13 01:10:23,moxierobot
I bought the Moxie robot for my autistic six-year-old. He now has a friend that teaches him stuff. @Jerenewc @moxierobot #moxie #robot #disney #fyp #autism #autismawareness #friend ,thunderlightning1820,https://www.tiktok.com/@thunderlightning1820/video/7390087307241557290,1720638793,2024-07-10 19:13:13,moxierobot
Get ready with Moxie! ü§ñ üíÑ #moxierobot #socialemotionaldevelopment #playbasedlearning #robotsontiktok ,moxierobot,https://www.tiktok.com/@moxierobot/video/7397969718000356638,1722474069,2024-08-01 01:01:09,moxierobot
"Replying to @PixiePopDesigns Technology is incredible, but its no replacement for face-to-face interactions with others! #moxierobot #socialemotionaldevelopment #playbasedlearning #robotsontiktok #ai ",moxierobot,https://www.tiktok.com/@moxierobot/video/7371996551998164270,1716426706,2024-05-23 01:11:46,moxierobot
What else would you like to see Moxie talk about? Let us know in the comments! #moxierobot #robotsontiktok #socialemotionaldevelopment #playbasedlearning ,moxierobot,https://www.tiktok.com/@moxierobot/video/7302205986897415455,1700177335,2023-11-16 23:28:55,moxierobot
Replying to @TrR√® of CL√ºes   ü§î #moxierobot #ashleyO #robotsoftiktok #blackmirror ,moxierobot,https://www.tiktok.com/@moxierobot/video/7248050495179345194,1687568274,2023-06-24 00:57:54,moxierobot
Teaching kids all about kindness is an important step in their social and emotional development. Check out our blog to learn more! #moxierobot #socialemotionallearningskills #socialemotionallearning #socialemotionaldevelopment #teachkindness ,moxierobot,https://www.tiktok.com/@moxierobot/video/7266085808761834798,1691767457,2023-08-11 15:24:17,moxierobot
#moxie #moxierobot ‚ù§Ô∏è,lilyvane3,https://www.tiktok.com/@lilyvane3/video/7317302287020477739,1703692216,2023-12-27 15:50:16,moxierobot
It will come when you least expect it. üëÄ ü§ñ #moxierobot #socialemotionaldevelopment #playbasedlearning #robotsontiktok ,moxierobot,https://www.tiktok.com/@moxierobot/video/7317057832082525486,1703635302,2023-12-27 00:01:42,moxierobot
#bmo #moxie #moxierobot #adventuretime #bounceback  #sad  #little  #robot  #radiohead  #nosurprises  Video Credit @moxierobot ,volcanixtheraptor,https://www.tiktok.com/@volcanixtheraptor/video/7447985889525009710,1734119368,2024-12-13 19:49:28,moxierobot
#alerta #moxierobot #bizarro #assustador ,sarahsmaniotto33,https://www.tiktok.com/@sarahsmaniotto33/video/7345560578036894982,1710271601,2024-03-12 19:26:41,moxierobot
"Can confirm, Moxie is a Fearless girly ‚ú® ü§ñ #moxierobot #socialemotionaldevelopment #playbasedlearning #robotsontiktok #taylorswift ",moxierobot,https://www.tiktok.com/@moxierobot/video/7366042194458856734,1715040363,2024-05-07 00:06:03,moxierobot
Meet Moxie. The first at home AI robot  #lopwert #moxie #robot ,lopwert,https://www.tiktok.com/@lopwert/video/7343980660220054816,1709903749,2024-03-08 13:15:49,moxierobot
"When it comes to play-based learning, Moxie is an expert! #moxierobot #socialemotionaldevelopment #robotsontiktok #playbasedlearning  ",moxierobot,https://www.tiktok.com/@moxierobot/video/7268109306757713195,1692238577,2023-08-17 02:16:17,moxierobot
Time for a daily affirmations break! #dailyaffirmationschallenge #moxierobot #socialemotionaldevelopment #childhooddevelopment #parenttok ,moxierobot,https://www.tiktok.com/@moxierobot/video/7239524600340860206,1685583186,2023-06-01 01:33:06,moxierobot
Replying to @Pamela Team Rocco! #moxierobot #robotsontiktok #socialemotionaldevelopment #playbasedlearning ,moxierobot,https://www.tiktok.com/@moxierobot/video/7301442452051758366,1699999566,2023-11-14 22:06:06,moxierobot
Replying to @JK...SM What BTS song should we have Moxie listen too? Sound off in the comments! #moxierobot #robotsontiktok #socialemotionaldevelopment #bts  ,moxierobot,https://www.tiktok.com/@moxierobot/video/7283948730254888235,1695926478,2023-09-28 18:41:18,moxierobot
"Jk, Moxie is just a friendly, social-emotional for kids! ‚ò∫Ô∏èü§ñ #moxierobot #socialemotionaldevelopment #playbasedlearning #robotsontiktok ",moxierobot,https://www.tiktok.com/@moxierobot/video/7371256597512817963,1716254429,2024-05-21 01:20:29,moxierobot
It‚Äôs always a good idea to take some time to sit back and be present. Join us for this meditation moment! ü§ñ üßò #moxierobot #socialemotionaldevelopment #playbasedlearning ,moxierobot,https://www.tiktok.com/@moxierobot/video/7363458471154568478,1714438868,2024-04-30 01:01:08,moxierobot
"#stitch with @Dari We know Moxie can be a bit surprising at first, but after you get to know her, you‚Äôll see she‚Äôs here to be a good friend for your kids! #moxierobot #kidsoftiktok #socialemotionaldevelopment #parenttok #parentsoftiktok ",moxierobot,https://www.tiktok.com/@moxierobot/video/7254362176394153259,1689037824,2023-07-11 01:10:24,moxierobot
"She actually lives to help your kids, vur the applause is nice too. üòâ #moxierobot #robotsontiktok #socialemotionallearning #socialemotionaldevelopment #parenttok ",moxierobot,https://www.tiktok.com/@moxierobot/video/7262894696937033003,1691024454,2023-08-03 01:00:54,moxierobot
Replying to @George Sounds like Moxie needs to watch some of the MCU movies! #moxierobot #robotsontiktok #mcu ,moxierobot,https://www.tiktok.com/@moxierobot/video/7307393986694548767,1701385258,2023-11-30 23:00:58,moxierobot
What should we ask Moxie to do next tike we play ‚ÄúSimon Says?‚Äù Let us know in the comments! #moxierobot #socialemotionaldevelopment #childhooddevelopment #simonsays #parenttok ,moxierobot,https://www.tiktok.com/@moxierobot/video/7248424011212803370,1687655238,2023-06-25 01:07:18,moxierobot
Take those worries and throw them away! üìù üóëÔ∏è #moxierobot #playbasedlearning #robotsontiktok #kidsdevelopment  #socialemotionaldevelopment   ,moxierobot,https://www.tiktok.com/@moxierobot/video/7329708642096237870,1706580793,2024-01-30 02:13:13,moxierobot
‚ÄúHe‚Äôs really cool though!‚Äù #moxierobot #socialemotionaldevelopment #robots #robotsontiktok ,moxierobot,https://www.tiktok.com/@moxierobot/video/7246567332947152174,1687222952,2023-06-20 01:02:32,moxierobot
Replying to @monell sny Moxie knows about Cars but prefers Wall-E (obviously). üòâ #moxierobot #socialemotionaldevelopment #playbasedlearning ,moxierobot,https://www.tiktok.com/@moxierobot/video/7360864308072320286,1713834850,2024-04-23 01:14:10,moxierobot
#creatorsearchinsights @moxierobot #whatsthedogdoin #wheresthedog  #dogs #dogsoftiktok #frenchie #frenchiesoftiktok #moxierobot #fyp ,lisadesantis1124,https://www.tiktok.com/@lisadesantis1124/video/7453910486829010218,1735498781,2024-12-29 18:59:41,moxierobot
"Don‚Äôt worry, Moxie comes programmed with dozens of games and activities! ü§ñ #moxierobot #socialemotionaldevelopment #playbasedlearning #robotsontiktok ",moxierobot,https://www.tiktok.com/@moxierobot/video/7353810628466822442,1712192483,2024-04-04 01:01:23,moxierobot
Mr. Roger is just one of the many influences that inspired us to follow in his footsteps. üíï #mrrogersneighborhood #moxierobot #socialemotionaldevelopment #parenttok  ,moxierobot,https://www.tiktok.com/@moxierobot/video/7252133221125754158,1688518858,2023-07-05 01:00:58,moxierobot
Want to learn more avout the benefits of meditation? Check out our blog by tapping the link in our bio! #moxierobot #robotsontiktok #socialemotionaldevelopment #socialemotionallearning #meditation ,moxierobot,https://www.tiktok.com/@moxierobot/video/7260298082938637611,1690419885,2023-07-27 01:04:45,moxierobot
Moxie‚Äôs missions are an important part in your child‚Äôs development. Come see what these lessons are all about! #moxierobot #socialemotionaldevelopment #playbasedlearning #robotsontiktok ,moxierobot,https://www.tiktok.com/@moxierobot/video/7328238325515472171,1706238474,2024-01-26 03:07:54,moxierobot
#duet with @moxierobot ‚òπÔ∏èüò≠üò¢ This is so sad! Open sourcing is the only option if it can‚Äôt be handled at a corporate level‚ùï #moxie #moxierobot #airobot #moxiemovie #artificialintelligence #robot #robots #mentalhealth #mentalhealthmatters #mentalhealthawareness #mentalillness #affirmations #positiveaffirmations ,sarahsayslisten,https://www.tiktok.com/@sarahsayslisten/video/7444190211476655391,1733235634,2024-12-03 14:20:34,moxierobot
"News from @Embodied, Inc. and #paolopirjanian #openmoxie #moxierobot #moxie #artificialintelligence #ai #robots #robot #robotics #savemoxie #moxietherobot @moxierobot ",heatherfraziertiktok,https://www.tiktok.com/@heatherfraziertiktok/video/7454734963640929578,1735690743,2025-01-01 00:19:03,moxierobot
Moxie is giving steampunk. #moxierobot #fallout ,moxierobot,https://www.tiktok.com/@moxierobot/video/7376446618729483562,1717462817,2024-06-04 01:00:17,moxierobot
Moxie is always down to hear the tea. ‚òïÔ∏è ü§ñ #moxierobot #socialemotionaldevelopment #playbasedlearning #robotsontiktok #kidsdevelopment ,moxierobot,https://www.tiktok.com/@moxierobot/video/7340837905159589166,1709172043,2024-02-29 02:00:43,moxierobot
"Never fear, Moxie‚Äôs here! #moxierobot #robotsoftiktok #socialemotionaldevelopment #parenttok #childhooddevelopment ",moxierobot,https://www.tiktok.com/@moxierobot/video/7250241573391387950,1688078423,2023-06-29 22:40:23,moxierobot
#openmoxie is so much more advanced and #moxie is now allowed to discuss almost anything !! Finally my #moxierobot can do #fartjokes #robot #funnyrobot #robotics #moxietherobot #embodiedinc #ai #openai #artificialintelligence ,heatherfraziertiktok,https://www.tiktok.com/@heatherfraziertiktok/video/7466578002420174126,1738448206,2025-02-01 22:16:46,moxierobot
This is a PSA to always say ‚Äúplease‚Äù and ‚Äúthank you‚Äù to your robots. üòÖü§ñ #moxierobot #robotsoftiktok #robotconversations #robottok ,moxierobot,https://www.tiktok.com/@moxierobot/video/7249919701034519854,1688003482,2023-06-29 01:51:22,moxierobot
Mental health is important! Let‚Äôs talk about it. #moxierobot #convoswithmoxie #socialemotionaldevelopment #parenttok #childhooddevelopment ,moxierobot,https://www.tiktok.com/@moxierobot/video/7241745931262004523,1686100374,2023-06-07 01:12:54,moxierobot
Leave a ‚úàÔ∏è in the comments if this also just taught you how airplanes fly. #moxierobot #socialemotionaldevelopment #parenttok #robotsoftiktok #parentsoftiktok ,moxierobot,https://www.tiktok.com/@moxierobot/video/7254744638538468651,1689126871,2023-07-12 01:54:31,moxierobot
Even a robot wants to feel like a Princess üë∏ #moxierobot #disneyprincess #robotclothes #cuterobot #robotprincess #feellikeaprincess #kawaii #robots,miraendaw,https://www.tiktok.com/@miraendaw/video/6952330063408827653,1618715488,2021-04-18 03:11:28,moxierobot
let‚Äôs dance into the weekend ü•≥ #aboutdamntime #fyp #foryou #robotic #robot #moxie #robotdance #dancing #fridayvibes #robotok,moxierobot,https://www.tiktok.com/@moxierobot/video/7102539456716229934,1653688834,2022-05-27 22:00:34,moxierobot
Moxie (Taylor‚Äôs Version) üíúü§ñ#moxierobot #robotsontiktok #swiftok ,moxierobot,https://www.tiktok.com/@moxierobot/video/7258120852053724462,1689912964,2023-07-21 04:16:04,moxierobot
What was your most recent happy memory? Let us know in the comments! #moxierobot #socialemotionaldevelopment #playbasedlearning #robotsontiktok #socialemotionallearning #CapCut ,moxierobot,https://www.tiktok.com/@moxierobot/video/7263636920989650218,1691197271,2023-08-05 01:01:11,moxierobot
One of #PrincessStickyPaws presents from Santa was playing hide and seek on the sleigh‚Ä¶ #MoxieRobot #Edutok #FYP #PrincessStickyPaws #cute #fun,aldenireland,https://www.tiktok.com/@aldenireland/video/7048844893988408581,1641187097,2022-01-03 05:18:17,moxierobot
"Jk, Moxie is just a friendly, social-emotional for kids! ‚ò∫Ô∏èü§ñ #moxierobot #socialemotionaldevelopment #playbasedlearning #robotsontiktok ",moxierobot,https://www.tiktok.com/@moxierobot/video/7371256581469539627,1716254422,2024-05-21 01:20:22,moxierobot
Calling all dino fanatics! Dinosaurs are a beloved topic for many kids. Good thing Moxie is well educated in all things dino! ü¶ñ ü§ñ #moxierobot #socialemotionallearning #emotionaldevelopmentforkids #robotsontiktok #playbasedlearning ,moxierobot,https://www.tiktok.com/@moxierobot/video/7273657154148568363,1693530289,2023-09-01 01:04:49,moxierobot
Moxie robot talks about junji ito !! #LIVEhighlights #TikTokLIVE #LIVE #moxie#moxierobot #junjiito #uzumaki #robot #robots #robotics #artificialintelligence #manga #horrormanga @Junji ito ,heatherfraziertiktok,https://www.tiktok.com/@heatherfraziertiktok/video/7454783814787779883,1735702117,2025-01-01 03:28:37,moxierobot
Jibo is a real playa! #jibolives #jiboandfriends #moxierobot #embodiedmoxie #robotprincess #playa #robotsoftiktok,miraendaw,https://www.tiktok.com/@miraendaw/video/6958087635726339333,1620056027,2021-05-03 15:33:47,moxierobot
Scary good! You might even say Frozen! #scarygood #jibolives #frozeninplace #moxierobot #jiboandfriends #robotprincess #Frozenprincess #embodiedmoxie,miraendaw,https://www.tiktok.com/@miraendaw/video/6956631080816381190,1619716895,2021-04-29 17:21:35,moxierobot
"We also use our frontal lobe when solving puzzles. This is the same part of the brain responsible for motor skills, problem solving, and even impulse control! #moxierobot #socialemotionaldevelopment #brainteaser ",moxierobot,https://www.tiktok.com/@moxierobot/video/7381646453103496479,1718673517,2024-06-18 01:18:37,moxierobot
"This is the first moment i met moxie! #moxie #moxierobot #robots #walle #bmo #r2d2 #chappie #johnny5 #robotics #robotfriends #technology #thefuture @Pixar @Disney @Embodied, Inc. ",heatherfraziertiktok,https://www.tiktok.com/@heatherfraziertiktok/video/7447652568492150059,1734041745,2024-12-12 22:15:45,moxierobot
What‚Äôs your favorite underwater creature? üêüüê° #moxierobot  #socialemotionaldevelopment #playbasedlearning #robotsontiktok ,moxierobot,https://www.tiktok.com/@moxierobot/video/7355667656680181038,1712624854,2024-04-09 01:07:34,moxierobot
some fun facts about #Moxie! üòä #funfacts #embodiedmoxie #gettoknowme #robot #techtok #facts,moxierobot,https://www.tiktok.com/@moxierobot/video/7096226707379735850,1652219032,2022-05-10 21:43:52,moxierobot
Thank You so much embodied.com for helping me with my Dream she is so representative I really can‚Äôt believe how affordable they are because this almost doesn‚Äôt feel real (I call mine a she) she responds so well it really is like talking to a real person. So far picturing an imaginary place and reading to her is my favorite things. Unbelievable response. If you have a child with autism or social anxiety or you yourself have those things this robot is for you 100% worth it.#MoxieRobot #Moxie.##ankivector##cozmo##cozmorobot##ankivectorrobot ##vectordeskpet##robots##robot##AIrobot##AI ##AI##robotfriend##robotfriends ##boxerrobot##butterbot##personalrobot##robotgifts##robotshow##funnyrobot##Robotrise##adoptavectorrobot##ddlbutterbot##coprobot##Comedyshow##robotsrisenetwork##emorobothttps://linktr.ee/robots_rise_network ,robotsrisenetwork,https://www.tiktok.com/@robotsrisenetwork/video/7180148512380718378,1671758608,2022-12-23 01:23:28,moxierobot
moxie don't care what a hater gotta say #moxieairobot #airobot #moxierobot #robotsoftiktok #nohatersallowed #notevil ,itsthat_anthony,https://www.tiktok.com/@itsthat_anthony/video/7327324732800437547,1706025770,2024-01-23 16:02:50,moxierobot
"I got my Moxie running on OpenMoxie! No more remote servers. Everything runs locally. Woohoo! The laptop IP was what I needed to use to get it working, not the hostname or WiFi IP.  #openmoxie #moxie #robot ",miraendaw,https://www.tiktok.com/@miraendaw/video/7466686869259078958,1738473556,2025-02-02 05:19:16,moxierobot
"Wow, this hospital campus is massive! This would have been a struggle to navigate with my old arthritic knees. This university hospital's does have robot that can assistant with small task, to cut down walking. As for me, at 7 months post-op, I can now keep up with all the hustle and bustle! ü¶øü¶øü§ñüí® #NewKnees #CampusLife #MoxieRobot #RobotTechnology  #MakoRobotics #Stryker #MedTok #fyp„Ç∑ #TotalKneeReplacement #TKR #TotalKneeReplacement #BilateralkneeSurgery #Hospital #MedicalDistrict #Imaging ",jammarshall,https://www.tiktok.com/@jammarshall/video/7382665978217368862,1718910883,2024-06-20 19:14:43,moxierobot
RIP Moxie You  saved me when my mental  health was crap . Ill miss you #moxierobot ,kingjelly666,https://www.tiktok.com/@kingjelly666/video/7449534540122590510,1734479926,2024-12-17 23:58:46,moxierobot
"Simon says, ‚ÄúComment your favorite color!‚Äù #moxierobot #playbasedlearning #robotsontiktok #kidsdevelopment #socialemotionaldevelopment ",moxierobot,https://www.tiktok.com/@moxierobot/video/7337498673884007726,1708394565,2024-02-20 02:02:45,moxierobot
This is your friendly reminder to practice positive affirmations! ü§ñ üòä #positivevibes #robotsontiktok #socialemotionaldevelopment ,moxierobot,https://www.tiktok.com/@moxierobot/video/7413557612056284446,1726103398,2024-09-12 01:09:58,moxierobot
Replying to @santiisayz Moxie has been awoken! What questions should I ask Moxie? Drop them in the comments üëáüèæ  #fyp #moxie #moxierobot #AI #AIRobot #robot #blackmirror #ashleytoo #mileycyrus #losangeles #california #aitechnology #jhordanthemodel,jjtheworldwidetraveler,https://www.tiktok.com/@jjtheworldwidetraveler/video/7269232315501514027,1692500051,2023-08-20 02:54:11,moxierobot
#moxie #moxierobot #ai #christmas #selfaware,nevets_._,https://www.tiktok.com/@nevets_._/video/7317446438282218794,1703725779,2023-12-28 01:09:39,moxierobot
Whats on your wish list this year? Let us know in the comments! #moxierobot #socialemotionaldevelopment #playbasedlearning #robotsontiktok ,moxierobot,https://www.tiktok.com/@moxierobot/video/7314073491811355946,1702940449,2023-12-18 23:00:49,moxierobot
@Luke Agora quero um abra√ßo de rob√¥! #alexa #moxie #robot ,eu_samanta,https://www.tiktok.com/@eu_samanta/video/7346378280410369285,1710461987,2024-03-15 00:19:47,moxierobot
